Mach,component,componentClass,componentCategory,instanceCount,CD,pressureCD,frictionCD,baseCD,forebodyCD,CD_wing_ref,pressureCD_wing_ref,frictionCD_wing_ref,baseCD_wing_ref,forebodyCD_wing_ref,wettedArea_m2,planformArea_m2
0.200,Ogive Nose,NoseCone,symmetric_body,1,0.007294,0.000000,0.007294,0.000000,0.007294,0.000826,0.000000,0.000826,0.000000,0.000826,0.01596781,0.00502759
0.200,Delta Wing,TrapezoidFinSet,finset,2,0.009370,0.000656,0.008714,0.000000,0.009370,0.001062,0.000074,0.000987,0.000000,0.001062,0.01948500,0.00974250
0.200,Body Tube,BodyTube,symmetric_body,1,0.144932,0.000000,0.019732,0.125200,0.019732,0.016422,0.000000,0.002236,0.014186,0.002236,0.04319690,0.01375000
0.250,Ogive Nose,NoseCone,symmetric_body,1,0.007317,0.000000,0.007317,0.000000,0.007317,0.000829,0.000000,0.000829,0.000000,0.000829,0.01596781,0.00502759
0.250,Delta Wing,TrapezoidFinSet,finset,2,0.009784,0.001043,0.008741,0.000000,0.009784,0.001109,0.000118,0.000990,0.000000,0.001109,0.01948500,0.00974250
0.250,Body Tube,BodyTube,symmetric_body,1,0.147918,0.000000,0.019793,0.128125,0.019793,0.016760,0.000000,0.002243,0.014518,0.002243,0.04319690,0.01375000
0.300,Ogive Nose,NoseCone,symmetric_body,1,0.010135,0.000000,0.010135,0.000000,0.010135,0.001148,0.000000,0.001148,0.000000,0.001148,0.01596781,0.00502759
0.300,Delta Wing,TrapezoidFinSet,finset,2,0.013642,0.001533,0.012109,0.000000,0.013642,0.001546,0.000174,0.001372,0.000000,0.001546,0.01948500,0.00974250
0.300,Body Tube,BodyTube,symmetric_body,1,0.159119,0.000000,0.027419,0.131700,0.027419,0.018029,0.000000,0.003107,0.014923,0.003107,0.04319690,0.01375000
0.350,Ogive Nose,NoseCone,symmetric_body,1,0.011998,0.000000,0.011998,0.000000,0.011998,0.001359,0.000000,0.001359,0.000000,0.001359,0.01596781,0.00502759
0.350,Delta Wing,TrapezoidFinSet,finset,2,0.016475,0.002141,0.014334,0.000000,0.016475,0.001867,0.000243,0.001624,0.000000,0.001867,0.01948500,0.00974250
0.350,Body Tube,BodyTube,symmetric_body,1,0.168382,0.000000,0.032457,0.135925,0.032457,0.019079,0.000000,0.003678,0.015401,0.003678,0.04319690,0.01375000
0.400,Ogive Nose,NoseCone,symmetric_body,1,0.013279,0.000000,0.013279,0.000000,0.013279,0.001505,0.000000,0.001505,0.000000,0.001505,0.01596781,0.00502759
0.400,Delta Wing,TrapezoidFinSet,finset,2,0.018747,0.002882,0.015865,0.000000,0.018747,0.002124,0.000327,0.001798,0.000000,0.002124,0.01948500,0.00974250
0.400,Body Tube,BodyTube,symmetric_body,1,0.176723,0.000000,0.035923,0.140800,0.035923,0.020024,0.000000,0.004070,0.015954,0.004070,0.04319690,0.01375000
0.450,Ogive Nose,NoseCone,symmetric_body,1,0.014183,0.000000,0.014183,0.000000,0.014183,0.001607,0.000000,0.001607,0.000000,0.001607,0.01596781,0.00502759
0.450,Delta Wing,TrapezoidFinSet,finset,2,0.020727,0.003782,0.016945,0.000000,0.020727,0.002349,0.000429,0.001920,0.000000,0.002349,0.01948500,0.00974250
0.450,Body Tube,BodyTube,symmetric_body,1,0.184694,0.000000,0.038369,0.146325,0.038369,0.020927,0.000000,0.004348,0.016580,0.004348,0.04319690,0.01375000
0.500,Ogive Nose,NoseCone,symmetric_body,1,0.014831,0.000000,0.014831,0.000000,0.014831,0.001680,0.000000,0.001680,0.000000,0.001680,0.01596781,0.00502759
0.500,Delta Wing,TrapezoidFinSet,finset,2,0.022590,0.004871,0.017719,0.000000,0.022590,0.002560,0.000552,0.002008,0.000000,0.002560,0.01948500,0.00974250
0.500,Body Tube,BodyTube,symmetric_body,1,0.192620,0.000000,0.040120,0.152500,0.040120,0.021825,0.000000,0.004546,0.017279,0.004546,0.04319690,0.01375000
0.550,Ogive Nose,NoseCone,symmetric_body,1,0.015295,0.000000,0.015295,0.000000,0.015295,0.001733,0.000000,0.001733,0.000000,0.001733,0.01596781,0.00502759
0.550,Delta Wing,TrapezoidFinSet,finset,2,0.024469,0.006195,0.018274,0.000000,0.024469,0.002773,0.000702,0.002071,0.000000,0.002773,0.01948500,0.00974250
0.550,Body Tube,BodyTube,symmetric_body,1,0.200703,0.000000,0.041378,0.159325,0.041378,0.022741,0.000000,0.004688,0.018053,0.004688,0.04319690,0.01375000
0.600,Ogive Nose,NoseCone,symmetric_body,1,0.015626,0.000000,0.015626,0.000000,0.015626,0.001771,0.000000,0.001771,0.000000,0.001771,0.01596781,0.00502759
0.600,Delta Wing,TrapezoidFinSet,finset,2,0.026487,0.007818,0.018669,0.000000,0.026487,0.003001,0.000886,0.002115,0.000000,0.003001,0.01948500,0.00974250
0.600,Body Tube,BodyTube,symmetric_body,1,0.209072,0.000000,0.042272,0.166800,0.042272,0.023690,0.000000,0.004790,0.018900,0.004790,0.04319690,0.01375000
0.650,Ogive Nose,NoseCone,symmetric_body,1,0.015855,0.000000,0.015855,0.000000,0.015855,0.001797,0.000000,0.001797,0.000000,0.001797,0.01596781,0.00502759
0.650,Delta Wing,TrapezoidFinSet,finset,2,0.028777,0.009834,0.018943,0.000000,0.028777,0.003261,0.001114,0.002146,0.000000,0.003261,0.01948500,0.00974250
0.650,Body Tube,BodyTube,symmetric_body,1,0.217818,0.000000,0.042893,0.174925,0.042893,0.024681,0.000000,0.004860,0.019820,0.004860,0.04319690,0.01375000
0.700,Ogive Nose,NoseCone,symmetric_body,1,0.016007,0.000000,0.016007,0.000000,0.016007,0.001814,0.000000,0.001814,0.000000,0.001814,0.01596781,0.00502759
0.700,Delta Wing,TrapezoidFinSet,finset,2,0.031514,0.012390,0.019124,0.000000,0.031514,0.003571,0.001404,0.002167,0.000000,0.003571,0.01948500,0.00974250
0.700,Body Tube,BodyTube,symmetric_body,1,0.227002,0.000000,0.043302,0.183700,0.043302,0.025721,0.000000,0.004906,0.020815,0.004906,0.04319690,0.01375000
0.750,Ogive Nose,NoseCone,symmetric_body,1,0.016096,0.000000,0.016096,0.000000,0.016096,0.001824,0.000000,0.001824,0.000000,0.001824,0.01596781,0.00502759
0.750,Delta Wing,TrapezoidFinSet,finset,2,0.034962,0.015732,0.019230,0.000000,0.034962,0.003961,0.001783,0.002179,0.000000,0.003961,0.01948500,0.00974250
0.750,Body Tube,BodyTube,symmetric_body,1,0.236668,0.000000,0.043543,0.193125,0.043543,0.026816,0.000000,0.004934,0.021883,0.004934,0.04319690,0.01375000
0.800,Ogive Nose,NoseCone,symmetric_body,1,0.016134,0.000000,0.016134,0.000000,0.016134,0.001828,0.000000,0.001828,0.000000,0.001828,0.01596781,0.00502759
0.800,Delta Wing,TrapezoidFinSet,finset,2,0.039578,0.020302,0.019276,0.000000,0.039578,0.004485,0.002300,0.002184,0.000000,0.004485,0.01948500,0.00974250
0.800,Body Tube,BodyTube,symmetric_body,1,0.246848,0.000000,0.043648,0.203200,0.043648,0.027970,0.000000,0.004946,0.023024,0.004946,0.04319690,0.01375000
0.850,Ogive Nose,NoseCone,symmetric_body,1,0.016132,0.000000,0.016132,0.000000,0.016132,0.001828,0.000000,0.001828,0.000000,0.001828,0.01596781,0.00502759
0.850,Delta Wing,TrapezoidFinSet,finset,2,0.046284,0.027011,0.019273,0.000000,0.046284,0.005244,0.003061,0.002184,0.000000,0.005244,0.01948500,0.00974250
0.850,Body Tube,BodyTube,symmetric_body,1,0.257566,0.000000,0.043641,0.213925,0.043641,0.029184,0.000000,0.004945,0.024239,0.004945,0.04319690,0.01375000
0.900,Ogive Nose,NoseCone,symmetric_body,1,0.016095,0.000000,0.016095,0.000000,0.016095,0.001824,0.000000,0.001824,0.000000,0.001824,0.01596781,0.00502759
0.900,Delta Wing,TrapezoidFinSet,finset,2,0.057450,0.038221,0.019229,0.000000,0.057450,0.006510,0.004331,0.002179,0.000000,0.006510,0.01948500,0.00974250
0.900,Body Tube,BodyTube,symmetric_body,1,0.270576,0.000000,0.043540,0.227036,0.043540,0.030658,0.000000,0.004933,0.025725,0.004933,0.04319690,0.01375000
0.950,Ogive Nose,NoseCone,symmetric_body,1,0.027223,0.010000,0.017223,0.000000,0.027223,0.003085,0.001133,0.001952,0.000000,0.003085,0.01596781,0.00502759
0.950,Delta Wing,TrapezoidFinSet,finset,2,0.055978,0.035401,0.020577,0.000000,0.055978,0.006343,0.004011,0.002332,0.000000,0.006343,0.01948500,0.00974250
0.950,Body Tube,BodyTube,symmetric_body,1,0.286824,0.000000,0.046593,0.240231,0.046593,0.032499,0.000000,0.005279,0.027220,0.005279,0.04319690,0.01375000
1.000,Ogive Nose,NoseCone,symmetric_body,1,0.042291,0.024000,0.018291,0.000000,0.042291,0.004792,0.002719,0.002073,0.000000,0.004792,0.01596781,0.00502759
1.000,Delta Wing,TrapezoidFinSet,finset,2,0.055321,0.033468,0.021853,0.000000,0.055321,0.006268,0.003792,0.002476,0.000000,0.006268,0.01948500,0.00974250
1.000,Body Tube,BodyTube,symmetric_body,1,0.298312,0.000000,0.049482,0.248830,0.049482,0.033801,0.000000,0.005607,0.028194,0.005607,0.04319690,0.01375000
1.050,Ogive Nose,NoseCone,symmetric_body,1,0.085325,0.066000,0.019325,0.000000,0.085325,0.009668,0.007478,0.002190,0.000000,0.009668,0.01596781,0.00502759
1.050,Delta Wing,TrapezoidFinSet,finset,2,0.059519,0.036431,0.023088,0.000000,0.059519,0.006744,0.004128,0.002616,0.000000,0.006744,0.01948500,0.00974250
1.050,Body Tube,BodyTube,symmetric_body,1,0.302278,0.000000,0.052278,0.250000,0.052278,0.034251,0.000000,0.005924,0.028327,0.005924,0.04319690,0.01375000
1.100,Ogive Nose,NoseCone,symmetric_body,1,0.104347,0.084000,0.020347,0.000000,0.104347,0.011823,0.009518,0.002305,0.000000,0.011823,0.01596781,0.00502759
1.100,Delta Wing,TrapezoidFinSet,finset,2,0.063623,0.039314,0.024309,0.000000,0.063623,0.007209,0.004455,0.002754,0.000000,0.007209,0.01948500,0.00974250
1.100,Body Tube,BodyTube,symmetric_body,1,0.297789,0.000000,0.055044,0.242745,0.055044,0.033742,0.000000,0.006237,0.027505,0.006237,0.04319690,0.01375000
1.150,Ogive Nose,NoseCone,symmetric_body,1,0.112208,0.092000,0.020208,0.000000,0.112208,0.012714,0.010424,0.002290,0.000000,0.012714,0.01596781,0.00502759
1.150,Delta Wing,TrapezoidFinSet,finset,2,0.065818,0.041675,0.024143,0.000000,0.065818,0.007458,0.004722,0.002736,0.000000,0.007458,0.01948500,0.00974250
1.150,Body Tube,BodyTube,symmetric_body,1,0.282580,0.000000,0.054667,0.227913,0.054667,0.032019,0.000000,0.006194,0.025824,0.006194,0.04319690,0.01375000
1.200,Ogive Nose,NoseCone,symmetric_body,1,0.120075,0.100000,0.020075,0.000000,0.120075,0.013605,0.011331,0.002275,0.000000,0.013605,0.01596781,0.00502759
1.200,Delta Wing,TrapezoidFinSet,finset,2,0.067060,0.043076,0.023984,0.000000,0.067060,0.007598,0.004881,0.002718,0.000000,0.007598,0.01948500,0.00974250
1.200,Body Tube,BodyTube,symmetric_body,1,0.262501,0.000000,0.054307,0.208194,0.054307,0.029743,0.000000,0.006153,0.023590,0.006153,0.04319690,0.01375000
1.250,Ogive Nose,NoseCone,symmetric_body,1,0.123448,0.103500,0.019948,0.000000,0.123448,0.013988,0.011727,0.002260,0.000000,0.013988,0.01596781,0.00502759
1.250,Delta Wing,TrapezoidFinSet,finset,2,0.067649,0.043816,0.023832,0.000000,0.067649,0.007665,0.004965,0.002700,0.000000,0.007665,0.01948500,0.00974250
1.250,Body Tube,BodyTube,symmetric_body,1,0.242081,0.000000,0.053963,0.188118,0.053963,0.027430,0.000000,0.006114,0.021315,0.006114,0.04319690,0.01375000
1.300,Ogive Nose,NoseCone,symmetric_body,1,0.126826,0.107000,0.019826,0.000000,0.126826,0.014370,0.012124,0.002246,0.000000,0.014370,0.01596781,0.00502759
1.300,Delta Wing,TrapezoidFinSet,finset,2,0.068181,0.044494,0.023687,0.000000,0.068181,0.007725,0.005042,0.002684,0.000000,0.007725,0.01948500,0.00974250
1.300,Body Tube,BodyTube,symmetric_body,1,0.227593,0.000000,0.053634,0.173959,0.053634,0.025788,0.000000,0.006077,0.019711,0.006077,0.04319690,0.01375000
1.350,Ogive Nose,NoseCone,symmetric_body,1,0.130209,0.110500,0.019709,0.000000,0.130209,0.014754,0.012521,0.002233,0.000000,0.014754,0.01596781,0.00502759
1.350,Delta Wing,TrapezoidFinSet,finset,2,0.068661,0.045114,0.023547,0.000000,0.068661,0.007780,0.005112,0.002668,0.000000,0.007780,0.01948500,0.00974250
1.350,Body Tube,BodyTube,symmetric_body,1,0.219595,0.000000,0.053317,0.166277,0.053317,0.024882,0.000000,0.006041,0.018841,0.006041,0.04319690,0.01375000
1.400,Ogive Nose,NoseCone,symmetric_body,1,0.133596,0.114000,0.019596,0.000000,0.133596,0.015138,0.012917,0.002220,0.000000,0.015138,0.01596781,0.00502759
1.400,Delta Wing,TrapezoidFinSet,finset,2,0.069095,0.045682,0.023413,0.000000,0.069095,0.007829,0.005176,0.002653,0.000000,0.007829,0.01948500,0.00974250
1.400,Body Tube,BodyTube,symmetric_body,1,0.212913,0.000000,0.053013,0.159900,0.053013,0.024125,0.000000,0.006007,0.018118,0.006007,0.04319690,0.01375000
1.450,Ogive Nose,NoseCone,symmetric_body,1,0.134238,0.114750,0.019488,0.000000,0.134238,0.015210,0.013002,0.002208,0.000000,0.015210,0.01596781,0.00502759
1.450,Delta Wing,TrapezoidFinSet,finset,2,0.069486,0.046203,0.023283,0.000000,0.069486,0.007873,0.005235,0.002638,0.000000,0.007873,0.01948500,0.00974250
1.450,Body Tube,BodyTube,symmetric_body,1,0.207273,0.000000,0.052720,0.154552,0.052720,0.023486,0.000000,0.005974,0.017512,0.005974,0.04319690,0.01375000
1.500,Ogive Nose,NoseCone,symmetric_body,1,0.134884,0.115500,0.019384,0.000000,0.134884,0.015283,0.013087,0.002196,0.000000,0.015283,0.01596781,0.00502759
1.500,Delta Wing,TrapezoidFinSet,finset,2,0.069840,0.046681,0.023159,0.000000,0.069840,0.007913,0.005289,0.002624,0.000000,0.007913,0.01948500,0.00974250
1.500,Body Tube,BodyTube,symmetric_body,1,0.202461,0.000000,0.052438,0.150023,0.052438,0.022940,0.000000,0.005942,0.016999,0.005942,0.04319690,0.01375000
