rocket,cdx1,real_ft,rasaero_ft,orp_ft,orp_err_pct,delta_vs_rasaero_pct,max_mach,burnout_time_s,apogee_time_s,ground_hit_time_s,terminal_note,loader_warning_count,sim_warning_count,ignored_setting_flags,report_md,trajectory_csv,component_cd_csv
"Byrum","Byrum.CDX1",5732,5281,6161,7.4912,16.6710,0.7474,2.05200000,17.64850000,130.01583890,"NORMAL",0,1,"","build/reports/simvreal-outliers/Byrum.md","build/reports/simvreal-outliers/Byrum-trajectory.csv","build/reports/simvreal-outliers/Byrum-component-cd.csv"
"Cancer Descending","CancerDescending.CDX1",6188,6328,6044,-2.3263,-4.4873,0.5561,4.40000000,19.90000000,90.39165710,"NORMAL",0,1,"","build/reports/simvreal-outliers/CancerDescending.md","build/reports/simvreal-outliers/CancerDescending-trajectory.csv","build/reports/simvreal-outliers/CancerDescending-component-cd.csv"
"EZI-65 J450ST","EZI65-1.CDX1",3965,4214,4158,4.8738,-1.3231,0.5966,2.33000000,15.48000000,93.68354007,"NORMAL",0,1,"","build/reports/simvreal-outliers/EZI65-1.md","build/reports/simvreal-outliers/EZI65-1-trajectory.csv","build/reports/simvreal-outliers/EZI65-1-component-cd.csv"
"Gibb","Gibb.CDX1",3913,4205,3989,1.9402,-5.1387,0.5460,1.80300000,14.93175000,88.30906057,"NORMAL",0,1,"","build/reports/simvreal-outliers/Gibb.md","build/reports/simvreal-outliers/Gibb-trajectory.csv","build/reports/simvreal-outliers/Gibb-component-cd.csv"
"Ion Drive","IonDrive.CDX1",8027,8642,7730,-3.7052,-10.5579,0.7856,3.35600000,20.45600000,141.01944826,"NORMAL",0,1,"","build/reports/simvreal-outliers/IonDrive.md","build/reports/simvreal-outliers/IonDrive-trajectory.csv","build/reports/simvreal-outliers/IonDrive-component-cd.csv"
"Raven","Raven.CDX1",8815,9332,9489,7.6413,1.6779,1.0688,2.05200000,21.34850000,135.26972387,"NORMAL",0,1,"","build/reports/simvreal-outliers/Raven.md","build/reports/simvreal-outliers/Raven-trajectory.csv","build/reports/simvreal-outliers/Raven-component-cd.csv"
"Thunder & Lightning","Thunder&Lightning.CDX1",3577,3989,3877,8.3739,-2.8194,0.5430,1.80300000,14.68175000,89.89674208,"NORMAL",0,1,"","build/reports/simvreal-outliers/Thunder_Lightning.md","build/reports/simvreal-outliers/Thunder_Lightning-trajectory.csv","build/reports/simvreal-outliers/Thunder_Lightning-component-cd.csv"
"Blister","Blister.CDX1",9026,8301,8268,-8.3989,-0.3985,0.8307,2.20000000,21.70232523,75.18680330,"NORMAL",1,1,"SustainerNozzle=1.3125","build/reports/simvreal-outliers/Blister.md","build/reports/simvreal-outliers/Blister-trajectory.csv","build/reports/simvreal-outliers/Blister-component-cd.csv"
"Rabia","Rabia.CDX1",12745,12197,11913,-6.5266,-2.3269,1.1439,3.39000000,25.29000000,154.14957383,"NORMAL",1,1,"SustainerNozzle=1.188","build/reports/simvreal-outliers/Rabia.md","build/reports/simvreal-outliers/Rabia-trajectory.csv","build/reports/simvreal-outliers/Rabia-component-cd.csv"
"Rabia Short Fin Can","Rabia-ShortFinCan.CDX1",10584,10225,9916,-6.3116,-3.0222,0.8608,3.77000000,23.70873107,130.92786907,"NORMAL",1,1,"SustainerNozzle=1.187","build/reports/simvreal-outliers/Rabia-ShortFinCan.md","build/reports/simvreal-outliers/Rabia-ShortFinCan-trajectory.csv","build/reports/simvreal-outliers/Rabia-ShortFinCan-component-cd.csv"
"Torrent","Torrent.CDX1",12807,13717,12455,-2.7508,-9.2024,1.2190,3.20000000,25.68712500,790.94437168,"NORMAL",1,0,"SustainerNozzle=1.625","build/reports/simvreal-outliers/Torrent.md","build/reports/simvreal-outliers/Torrent-trajectory.csv","build/reports/simvreal-outliers/Torrent-component-cd.csv"
"Caliber Isp 04 Team 3","CalIsp1.CDX1",3964,3876,3889,-1.8976,0.3297,0.6357,1.88000000,14.18664063,243.90033130,"NORMAL",1,0,"SustainerNozzle=0.63","build/reports/simvreal-outliers/CalIsp1.md","build/reports/simvreal-outliers/CalIsp1-trajectory.csv","build/reports/simvreal-outliers/CalIsp1-component-cd.csv"
"Caliber Isp 04 Team 1","CalIsp2.CDX1",3837,3948,3960,3.2118,0.3100,0.6628,1.88000000,14.13664063,254.33753164,"NORMAL",1,0,"SustainerNozzle=0.63","build/reports/simvreal-outliers/CalIsp2.md","build/reports/simvreal-outliers/CalIsp2-trajectory.csv","build/reports/simvreal-outliers/CalIsp2-component-cd.csv"
"Caliber Isp 04 Team 2","CalIsp3.CDX1",3710,3876,3890,4.8539,0.3632,0.6379,1.88000000,14.18664063,244.54707113,"NORMAL",1,0,"SustainerNozzle=0.63","build/reports/simvreal-outliers/CalIsp3.md","build/reports/simvreal-outliers/CalIsp3-trajectory.csv","build/reports/simvreal-outliers/CalIsp3-component-cd.csv"
"Caliber Isp 05 Columbia","CalIsp4.CDX1",5085,4847,4777,-6.0544,-1.4414,0.8431,1.91000000,14.76784017,133.14263192,"NORMAL",1,1,"SustainerNozzle=0.63","build/reports/simvreal-outliers/CalIsp4.md","build/reports/simvreal-outliers/CalIsp4-trajectory.csv","build/reports/simvreal-outliers/CalIsp4-component-cd.csv"
"Caliber Isp 05 Discovery","CalIsp5.CDX1",4930,4836,4772,-3.1987,-1.3171,0.8076,1.91000000,14.96115576,129.22515448,"NORMAL",1,1,"SustainerNozzle=0.63","build/reports/simvreal-outliers/CalIsp5.md","build/reports/simvreal-outliers/CalIsp5-trajectory.csv","build/reports/simvreal-outliers/CalIsp5-component-cd.csv"
"Kline-Rogers L500","L500Roc.CDX1",24771,26509,24179,-2.3914,-8.7908,1.9848,6.23000000,31.60440672,372.13846587,"NORMAL",1,1,"SustainerNozzle=1","build/reports/simvreal-outliers/L500Roc.md","build/reports/simvreal-outliers/L500Roc-trajectory.csv","build/reports/simvreal-outliers/L500Roc-component-cd.csv"
"Don't Debate This","DontDebateThisN5800MinDia.CDX1",56573,61982,53150,-6.0506,-14.2493,3.0363,3.59400000,49.88662500,582.08819809,"NORMAL",2,1,"SustainerNozzle=2.488","build/reports/simvreal-outliers/DontDebateThisN5800MinDia.md","build/reports/simvreal-outliers/DontDebateThisN5800MinDia-trajectory.csv","build/reports/simvreal-outliers/DontDebateThisN5800MinDia-component-cd.csv"
"Qu8k","Qu8k.CDX1",121478,119684,119187,-1.8860,-0.4154,3.4639,10.00000000,86.17500000,896.88600724,"NORMAL",3,1,"ModifiedBarrowman=True;SustainerNozzle=6","build/reports/simvreal-outliers/Qu8k.md","build/reports/simvreal-outliers/Qu8k-trajectory.csv","build/reports/simvreal-outliers/Qu8k-component-cd.csv"
"Proteus 6","Proteus6.CDX1",85067,81499,91339,7.3724,12.0732,2.8664,8.00000000,73.65000000,642.51702403,"NORMAL",1,1,"SustainerNozzle=4.8","build/reports/simvreal-outliers/Proteus6.md","build/reports/simvreal-outliers/Proteus6-trajectory.csv","build/reports/simvreal-outliers/Proteus6-component-cd.csv"
"Full Metal Jacket BALLS 005","Full Metal Jacket1.CDX1",37981,38772,37256,-1.9076,-3.9088,2.3058,2.28000000,43.05125000,349.74706841,"NORMAL",1,1,"SustainerNozzle=2.5","build/reports/simvreal-outliers/Full_Metal_Jacket1.md","build/reports/simvreal-outliers/Full_Metal_Jacket1-trajectory.csv","build/reports/simvreal-outliers/Full_Metal_Jacket1-component-cd.csv"
"Full Metal Jacket Black Rock 6","Full Metal Jacket2.CDX1",30038,32548,29239,-2.6614,-10.1678,2.4649,2.28000000,37.04847286,85.84847286,"NORMAL",1,1,"SustainerNozzle=2.5","build/reports/simvreal-outliers/Full_Metal_Jacket2.md","build/reports/simvreal-outliers/Full_Metal_Jacket2-trajectory.csv","build/reports/simvreal-outliers/Full_Metal_Jacket2-component-cd.csv"
"A-601 Kinsel","Kinsel_P4935_A-601_Rocket.CDX1",42771,41098,46499,8.7169,13.1425,2.1851,11.93000000,51.65125000,1063.83172546,"NORMAL",3,0,"ModifiedBarrowman=True;SustainerNozzle=3.09","build/reports/simvreal-outliers/Kinsel_P4935_A-601_Rocket.md","build/reports/simvreal-outliers/Kinsel_P4935_A-601_Rocket-trajectory.csv","build/reports/simvreal-outliers/Kinsel_P4935_A-601_Rocket-component-cd.csv"
"AeroPac 104K","AeroPac104KStageOne&Two-2.CDX1",104659,113786,103602,-1.0097,-8.9499,3.0355,31.74540000,93.96665000,196.36665000,"NORMAL",3,1,"SustainerNozzle=1.23;Booster1Nozzle=1.75","build/reports/simvreal-outliers/AeroPac104KStageOne_Two-2.md","build/reports/simvreal-outliers/AeroPac104KStageOne_Two-2-trajectory.csv","build/reports/simvreal-outliers/AeroPac104KStageOne_Two-2-component-cd.csv"
"MESOS 293K","MESOS 293K Flight.CDX1",293488,289789,291601,-0.6432,0.6604,4.33,33.69200000,146.94100000,293.12500000,"NORMAL",4,1,"ModifiedBarrowman=True;SustainerNozzle=2.15;Booster1Nozzle=3.33","outlier_closure/mesos_293k_closure.md","",""
